StartDate,EndDate,Status,IPAddress,Progress,Duration (in seconds),Finished,RecordedDate,ResponseId,RecipientLastName,RecipientFirstName,RecipientEmail,ExternalReference,LocationLatitude,LocationLongitude,DistributionChannel,UserLanguage,Q11,Qx. Randomized embed,Qx,Qx. Gen EV Q Page,Qx,Q74,Q39,Q42,Q44,Q45,Q40,Q41,Q28,Q62_1,Q62_2,Q62_3,Q62_4,Q62_5,Q77,Q95,Q96,Q78,Q351,Q352,Q353,Q356,Q357,Q358,Q359,Q360,Q361,Q354_1,Q354_2,Q354_3,Q354_4,Q180_1,Q180_2,Q180_3,Q180_4,Q180_5,Q180_6,Q30,Q33,Q33_8_TEXT,Q34,Q35_1,Q35_2,Q35_3,Q35_4,Q35_5,Q35_6,Q35_7,Q35_8,Q35_7_TEXT,Q36,Q36_3_TEXT,Q37,Q38,Q42,Q42_4_TEXT,Q44,Q46,Q48,Q50,Q35,Q32,Q82,Q33,Q95_First Click,Q95_Last Click,Q95_Page Submit,Q95_Click Count,Car image,Price,Org,Description,Felon,Fact Info,Vaccine,RCV Cue,RCVExperience
Start Date,End Date,Response Type,IP Address,Progress,Duration (in seconds),Finished,Recorded Date,Response ID,Recipient Last Name,Recipient First Name,Recipient Email,External Data Reference,Location Latitude,Location Longitude,Distribution Channel,User Language,Your IP address indicates that you are not currently residing in the United States. Please confirm that you were eligible to vote in the 2020 US election or will be eligible to vote in 2022.,"Electric vehicles are growing in popularity. Suppose you were able to purchase the car below for [Field-Price]. You are able to charge it at home or at any charging station for $25 a month. The batteries of the car have range adequate to travel 400 miles.
 
[Field-Car%20image]



Given the above specifications would you buy the car above?",How does this car make you feel? (Use the slider to indicate),How many people do you know that own an electric vehicle?,Do you own an electric vehicle?,"An NFL team is planning to donate the money collected from 50/50 raffles at each home game to a non-profit organization.  A group of players have asked that the team use the funds to support [Field-Org], [Field-Description]. 
Do you think the team should support the organization suggested by the players?","In recent years 18 states have legalized marijuana for recreational use, and similar legislation is being considered in many other states. 
Regardless of the current law in your state, do you support or oppose the legalization of marijuana for recreational use by adults across the country?","In recent years 18 states have legalized marijuana for recreational use, and similar legislation is being considered in many other states. Opponents of marijuana legalization frequently argue that marijuana should not be legal because it is addictive. However, the Drug Policy Alliance finds that ""fewer than 10% of those who try marijuana ever end up meeting the clinical criteria for dependence, whereas 23% of tobacco users and alcohol users do.""
Regardless of the current law in your state, do you support or oppose the legalization of marijuana for recreational use by adults across the country?","Some states who have legalized recreational marijuana have adopted social equity programs. Social Equity Programs (SEPs) create sustainable pathways into the cannabis industry for individuals most impacted by the war on drugs, marijuana prohibition, disproportionate arrest, and incarceration. [Field-Fact%20Info]
Do you agree that social equity funds should be granted to [Field-Felon]?",Do you live in a state where either recreational or medical marijuana is legalized?,Have you or anyone in your close family or friends ever dealt with substance abuse?,Do you believe marijuana is an addictive substance?,"Mohammad is a 15 year old immigrant from Afghanistan moving to the US with his family. After the Taliban seized control of Afghanistan, Mohammad and his family are being forced to flee their home country because of concerns for their safety. As a small portion of the nearly 150,000 civilians evacuated by US forces, Mohammad and his family are seeking refuge and a new start. [Field-Vaccine]
Do you agree with the decision to allow Mohammad and his family to immigrate to the US?","To help you understand ranked choice voting, you will participate in a mock election. 
Imagine you are ordering food with a large group of people. There are five possible options. Everyone is asked to rank what they would like and you agree to purchase whichever dinner option wins under a ranked choice voting election. 
Please rank the following choices in order of your preference. - Pizza","To help you understand ranked choice voting, you will participate in a mock election. 
Imagine you are ordering food with a large group of people. There are five possible options. Everyone is asked to rank what they would like and you agree to purchase whichever dinner option wins under a ranked choice voting election. 
Please rank the following choices in order of your preference. - Vegan Meatloaf","To help you understand ranked choice voting, you will participate in a mock election. 
Imagine you are ordering food with a large group of people. There are five possible options. Everyone is asked to rank what they would like and you agree to purchase whichever dinner option wins under a ranked choice voting election. 
Please rank the following choices in order of your preference. - Burgers","To help you understand ranked choice voting, you will participate in a mock election. 
Imagine you are ordering food with a large group of people. There are five possible options. Everyone is asked to rank what they would like and you agree to purchase whichever dinner option wins under a ranked choice voting election. 
Please rank the following choices in order of your preference. - Tacos","To help you understand ranked choice voting, you will participate in a mock election. 
Imagine you are ordering food with a large group of people. There are five possible options. Everyone is asked to rank what they would like and you agree to purchase whichever dinner option wins under a ranked choice voting election. 
Please rank the following choices in order of your preference. - Seafood",Would you be satisfied with the winning dinner option?,Do you think that ranked choice voting would increase or decrease voter satisfaction in elections?,Do you think that ranked choice voting would increase or decrease the choices available to voters in elections?,Several [Field-RCV%20Cue] politicians are currently seeking to adopt ranked choice voting in U.S. elections. Would you support or oppose the use of ranked choice voting?,Do you consider this post political?,Do you consider this post political?,Do you consider this post political?,Do you consider this post political?,Do you consider this post political?,Do you consider this post political?,Do you consider this post political?,Do you consider this post political?,Do you consider this post political?,"The questions in this scale ask about your feelings and thoughts over THE LAST MONTH. 
For each question, please
indicate HOW FREQUENTLY you experienced that thought or feeling in the past month. - In the last month, how often have you felt that you were unable to control the important things in your life?","The questions in this scale ask about your feelings and thoughts over THE LAST MONTH. 
For each question, please
indicate HOW FREQUENTLY you experienced that thought or feeling in the past month. - In the last month, how often have you felt confident about your ability to handle your personal problems?","The questions in this scale ask about your feelings and thoughts over THE LAST MONTH. 
For each question, please
indicate HOW FREQUENTLY you experienced that thought or feeling in the past month. - In the last month, how often have you felt that things were going your way?","The questions in this scale ask about your feelings and thoughts over THE LAST MONTH. 
For each question, please
indicate HOW FREQUENTLY you experienced that thought or feeling in the past month. - In the last month, how often have you felt difficulties were piling up so high that you could not overcome them?","People have different attitudes toward social groups. Below are a series of statements with which you may either agree or disagree. For each statement, please indicate the degree of your agreement or disagreement. Your first responses are usually the most accurate. - I try to act in non-prejudiced ways toward black people because it is personally important to me.","People have different attitudes toward social groups. Below are a series of statements with which you may either agree or disagree. For each statement, please indicate the degree of your agreement or disagreement. Your first responses are usually the most accurate. - According to my personal values, using stereotypes about black people is not OK.","People have different attitudes toward social groups. Below are a series of statements with which you may either agree or disagree. For each statement, please indicate the degree of your agreement or disagreement. Your first responses are usually the most accurate. - I donâ€™t want to appear prejudiced toward black people, not even to myself.","People have different attitudes toward social groups. Below are a series of statements with which you may either agree or disagree. For each statement, please indicate the degree of your agreement or disagreement. Your first responses are usually the most accurate. - I try to appear non-prejudiced to avoid disapproval from others.","People have different attitudes toward social groups. Below are a series of statements with which you may either agree or disagree. For each statement, please indicate the degree of your agreement or disagreement. Your first responses are usually the most accurate. - It is important to me that other people think I am unprejudiced toward black people.","People have different attitudes toward social groups. Below are a series of statements with which you may either agree or disagree. For each statement, please indicate the degree of your agreement or disagreement. Your first responses are usually the most accurate. - I try to hide any prejudiced thoughts about black people to avoid negative reactions from others.","Have you personally been fully vaccinated against Covid-19 with an authorized vaccine? (Pfizer, Moderna, or Johnson & Johnson)",What was the highest level of education you completed? - Selected Choice,What was the highest level of education you completed? - Other (please indicate) - Text,Are you currently...,What is your racial or ethnic background? (select all that apply) - Selected Choice - African American or Black,What is your racial or ethnic background? (select all that apply) - Selected Choice - American Indian or Alaska Native,What is your racial or ethnic background? (select all that apply) - Selected Choice - Asian,What is your racial or ethnic background? (select all that apply) - Selected Choice - Hispanic or Latino,What is your racial or ethnic background? (select all that apply) - Selected Choice - Middle Eastern,What is your racial or ethnic background? (select all that apply) - Selected Choice - White,What is your racial or ethnic background? (select all that apply) - Selected Choice - Other,What is your racial or ethnic background? (select all that apply) - Selected Choice - Prefer not to answer,What is your racial or ethnic background? (select all that apply) - Other - Text,What is your gender? - Selected Choice,What is your gender? - Other - Text,What is your age?,What is your average annual household income?,"Generally speaking, do you usually think of yourself as a Republican, a Democrat, an Independent, or what? - Selected Choice","Generally speaking, do you usually think of yourself as a Republican, a Democrat, an Independent, or what? - Other - Text",Would you call yourself a strong Republican or a not very strong Republican?,Would you call yourself a strong Democrat or a not very strong Democrat?,Do you think of yourself as closer to the Democrat or Republican party?,Did you vote in the 2020 US Presidential election?,"Thank you for taking our survey. If you have any comments for the research team about the survey or your experience, please leave them in the text box below.  Please remember to click the arrow to reach the final page before clicking out of the survey, as you will receive your access code on the final page.","You have been selected to participate in an additional activity! 
 

If you choose to participate, you will be asked to read a one page document and count all of the mistakes (misspellings, grammatical errors, etc.) in the text. You will then indicate the total number of mistakes identified. Here is an example:

 
The quickly borwn brown Ffox jumps over, the lazy dog;

Errors = 5


 

This task will likely take about 4 minutes. You will receive an additional payout of $0.50 for completing this additional task. However, if you incorrectly identify the total number of mistakes, you may forfeit this additional payment and may be paid only for participating in the survey you just completed. If you choose not to participate in this additional activity, you will receive additional payout of $0.25 (in addition to the payment for the original survey) and the survey will end.","You have been selected to participate in an additional activity! 
 

If you choose to participate, you will be asked to read a one page document and count all of the mistakes (misspellings, grammatical errors, etc.) in the text. You will then indicate the total number of mistakes identified. Here is an example:

 
The quickly borwn brown Ffox jumps over, the lazy dog;

Errors = 5


 

This task will likely take about 4 minutes. You will receive an additional payout of $0.50 for completing this additional task. If you choose not to participate in this additional activity, you will receive additional payout of $0.25 (in addition to the payment for the original survey) and the survey will end.","Please read the following text carefully, identify errors in grammar and punctuation, and report how many you find. 
 

Example: The quickly borwn brown Ffox jumps over, the lazy dog;

Errors = 5



 

Please indicate the total number of mistake identified in the text.",Timing - First Click,Timing - Last Click,Timing - Page Submit,Timing - Click Count,Car image,Price,Org,Description,Felon,Fact Info,Vaccine,RCV Cue,RCVExperience
"{""ImportId"":""startDate"",""timeZone"":""America/New_York""}","{""ImportId"":""endDate"",""timeZone"":""America/New_York""}","{""ImportId"":""status""}","{""ImportId"":""ipAddress""}","{""ImportId"":""progress""}","{""ImportId"":""duration""}","{""ImportId"":""finished""}","{""ImportId"":""recordedDate"",""timeZone"":""America/New_York""}","{""ImportId"":""_recordId""}","{""ImportId"":""recipientLastName""}","{""ImportId"":""recipientFirstName""}","{""ImportId"":""recipientEmail""}","{""ImportId"":""externalDataReference""}","{""ImportId"":""locationLatitude""}","{""ImportId"":""locationLongitude""}","{""ImportId"":""distributionChannel""}","{""ImportId"":""userLanguage""}","{""ImportId"":""QID10""}","{""ImportId"":""QID266""}","{""ImportId"":""QID280""}","{""ImportId"":""QID284""}","{""ImportId"":""QID285""}","{""ImportId"":""QID270""}","{""ImportId"":""QID286""}","{""ImportId"":""QID289""}","{""ImportId"":""QID291""}","{""ImportId"":""QID292""}","{""ImportId"":""QID287""}","{""ImportId"":""QID288""}","{""ImportId"":""QID275""}","{""ImportId"":""QID330_1""}","{""ImportId"":""QID330_2""}","{""ImportId"":""QID330_3""}","{""ImportId"":""QID330_4""}","{""ImportId"":""QID330_5""}","{""ImportId"":""QID345""}","{""ImportId"":""QID363""}","{""ImportId"":""QID364""}","{""ImportId"":""QID346""}","{""ImportId"":""QID351""}","{""ImportId"":""QID352""}","{""ImportId"":""QID353""}","{""ImportId"":""QID356""}","{""ImportId"":""QID357""}","{""ImportId"":""QID358""}","{""ImportId"":""QID359""}","{""ImportId"":""QID360""}","{""ImportId"":""QID361""}","{""ImportId"":""QID354_1""}","{""ImportId"":""QID354_2""}","{""ImportId"":""QID354_3""}","{""ImportId"":""QID354_4""}","{""ImportId"":""QID180_1""}","{""ImportId"":""QID180_2""}","{""ImportId"":""QID180_3""}","{""ImportId"":""QID180_4""}","{""ImportId"":""QID180_5""}","{""ImportId"":""QID180_6""}","{""ImportId"":""QID277""}","{""ImportId"":""QID33""}","{""ImportId"":""QID33_8_TEXT""}","{""ImportId"":""QID34""}","{""ImportId"":""QID35"",""choiceId"":""1""}","{""ImportId"":""QID35"",""choiceId"":""2""}","{""ImportId"":""QID35"",""choiceId"":""3""}","{""ImportId"":""QID35"",""choiceId"":""4""}","{""ImportId"":""QID35"",""choiceId"":""5""}","{""ImportId"":""QID35"",""choiceId"":""6""}","{""ImportId"":""QID35"",""choiceId"":""7""}","{""ImportId"":""QID35"",""choiceId"":""8""}","{""ImportId"":""QID35_7_TEXT""}","{""ImportId"":""QID36""}","{""ImportId"":""QID36_3_TEXT""}","{""ImportId"":""QID37""}","{""ImportId"":""QID38""}","{""ImportId"":""QID41""}","{""ImportId"":""QID41_4_TEXT""}","{""ImportId"":""QID42""}","{""ImportId"":""QID43""}","{""ImportId"":""QID44""}","{""ImportId"":""QID45""}","{""ImportId"":""QID303_TEXT""}","{""ImportId"":""QID300""}","{""ImportId"":""QID350""}","{""ImportId"":""QID301_TEXT""}","{""ImportId"":""QID365_FIRST_CLICK""}","{""ImportId"":""QID365_LAST_CLICK""}","{""ImportId"":""QID365_PAGE_SUBMIT""}","{""ImportId"":""QID365_CLICK_COUNT""}","{""ImportId"":""Car image""}","{""ImportId"":""Price""}","{""ImportId"":""Org""}","{""ImportId"":""Description""}","{""ImportId"":""Felon""}","{""ImportId"":""Fact Info""}","{""ImportId"":""Vaccine""}","{""ImportId"":""RCV Cue""}","{""ImportId"":""RCVExperience""}"
2021-11-15 12:21:55,2021-11-15 12:23:30,1,,100,94,1,2021-11-15 12:23:30,R_2TBIulwEVkj4nwG,,,,,39.6497955322265625,-78.935699462890625,preview,EN,,,,,,,,,,,,,,,,,,,,,,,,,,,,,,,,,,,,,,,,,,,,,,,,,,,,1,,,,,,4,3,,,,,,,,,,,,,,"<img src=""https://umassamherst.co1.qualtrics.com/ControlPanel/Graphic.php?IM=IM_8jqMGkx3MLDuSl8"" alt=""White Car Image"">","$60,000",the Children's Cancer Research Fund,an organization that raises money to fund research for childhood cancer,those with previous marijuana indictments,"Black entrepenuers are struggling to join the rapidly growing marijuana industry, with three companies currently owning the majority of legal state dispensaries.",Mohammed and his family have complied with all US vaccination requirements.,,
2021-11-15 12:29:51,2021-11-15 12:30:41,1,,100,49,1,2021-11-15 12:30:42,R_3lEzO8rS4NqXi31,,,,,39.6497955322265625,-78.935699462890625,preview,EN,,,,,,,,,,,,,,,,,,,,,,,,,,,,,,,,,,,,,,,,,,,,,,,,,,,,,1,,,,,,,,,,,,,,,,,,,,"<img src=""https://umassamherst.co1.qualtrics.com/ControlPanel/Graphic.php?IM=IM_8jqMGkx3MLDuSl8"" alt=""White Car Image"">","$60,000",the Sunrise Movement,a youth-led organization that protests against fossil fuels and political inaction on climate change,those from disproportionately affected communities,"Aggressive enforcement of the War on Drugs resulted in 88% of the 8.2 million marijuana arrests between 2001 and 2010 made on the grounds of possession - not distribution - of marijuana. Moreover, there was a significant racial bias in arrests. Despite roughly equal usage rates, Blacks were 3.73 times more likely than whites to be arrested for marijuana.",Mohammad and his family have refused to comply with US vaccination requirements based on religious grounds.,,
2021-11-15 12:31:29,2021-11-15 12:32:04,1,,100,35,1,2021-11-15 12:32:05,R_83bMuFqrSveG7Yt,,,,,39.6497955322265625,-78.935699462890625,preview,EN,,,,,,,,,,,,,,,,,,,,,,,,,,,,,,,,,,,,,,,,,,,4,,,,,,,,,,,,,,,,,,,,,,,,,,,,,,"<img src=""https://umassamherst.co1.qualtrics.com/ControlPanel/Graphic.php?IM=IM_8jqMGkx3MLDuSl8"" alt=""White Car Image"">","$60,000",the Children's Cancer Research Fund,an organization that raises money to fund research for childhood cancer,those from disproportionately affected communities,"Aggressive enforcement of the War on Drugs resulted in 88% of the 8.2 million marijuana arrests between 2001 and 2010 made on the grounds of possession - not distribution - of marijuana. Moreover, there was a significant racial bias in arrests. Despite roughly equal usage rates, Blacks were 3.73 times more likely than whites to be arrested for marijuana.",Mohammad and his family have refused to comply with US vaccination requirements based on religious grounds.,,
2021-11-15 12:33:57,2021-11-15 12:34:36,1,,100,38,1,2021-11-15 12:34:37,R_2qyIRefm4NZIbfG,,,,,39.6497955322265625,-78.935699462890625,preview,EN,,,,,,,,,,,,,,,,,,,,,,,,,,,,,,,,,,,,,,,,,,,,,,,,,,,,,,,,,,,,,,,,,,,,,,,,,"<img src=""https://umassamherst.co1.qualtrics.com/ControlPanel/Graphic.php?IM=IM_8jqMGkx3MLDuSl8"" alt=""White Car Image"">","$60,000",Black Lives Matter,an organization that protests incidents of police brutality against African-Americans,felons with previous marijuana indictments,"Aggressive enforcement of the War on Drugs resulted in 88% of the 8.2 million marijuana arrests between 2001 and 2010 made on the grounds of possession - not distribution - of marijuana. Moreover, there was a significant racial bias in arrests. Despite roughly equal usage rates, Blacks were 3.73 times more likely than whites to be arrested for marijuana.",Mohammed and his family have complied with all US vaccination requirements.,,
2021-11-15 12:43:32,2021-11-15 12:44:07,1,,100,35,1,2021-11-15 12:44:08,R_2aKP70FsW6kjmdM,,,,,39.6497955322265625,-78.935699462890625,preview,EN,,,,,,,,,,,,,,,,,,,,,,,,,,,,,,,,,,,,,,,,,,,,,,,,,,,,,,,,,4,,,,,,,,,,,,,,,,"<img src=""https://umassamherst.co1.qualtrics.com/ControlPanel/Graphic.php?IM=IM_8jqMGkx3MLDuSl8"" alt=""White Car Image"">","$20,000",the Children's Cancer Research Fund,an organization that raises money to fund research for childhood cancer,those with previous marijuana indictments,"Aggressive enforcement of the War on Drugs resulted in 88% of the 8.2 million marijuana arrests between 2001 and 2010 made on the grounds of possession - not distribution - of marijuana. Moreover, there was a significant racial bias in arrests. Despite roughly equal usage rates, Blacks were 3.73 times more likely than whites to be arrested for marijuana.",Mohammed and his family have complied with all US vaccination requirements.,,
2021-11-15 13:07:45,2021-11-15 13:08:33,1,,100,47,1,2021-11-15 13:08:34,R_12eXIS7H1xq83xc,,,,,39.6497955322265625,-78.935699462890625,preview,EN,,,,,,,,,,,,,,,,,,,,,,,,,,,,,,,,,,,,,,,,,,,,,,,,,,,,,,,,,,,,,,,,,,,,,,,,,"<img src=""https://umassamherst.co1.qualtrics.com/ControlPanel/Graphic.php?IM=IM_cNl6CwoAVxSEA9o"" alt=""White Car Image"">","$60,000",the Children's Cancer Research Fund,an organization that raises money to fund research for childhood cancer,felons with previous marijuana indictments,"Black entrepenuers are struggling to join the rapidly growing marijuana industry, with three companies currently owning the majority of legal state dispensaries.",Mohammad and his family have refused to comply with US vaccination requirements based on religious grounds.,,
2021-11-15 13:11:39,2021-11-15 13:14:37,1,,100,177,1,2021-11-15 13:14:38,R_3M5p8m68Y3RlJgF,,,,,50.88470458984375,4.5048980712890625,preview,EN,2,,,,,,,,,,,,,,,,,,,,,,,,,,,,,,,,,,,,,,,,,,,,,,,,,,,,,,,,,,,,,,,,,,,,,,,,,,,,,,,,
2021-11-15 21:49:54,2021-11-15 21:53:55,1,,100,241,1,2021-11-15 21:53:57,R_SUEyppUtM4Ou0Gl,,,,,42.325103759765625,-72.62760162353515625,preview,EN,,,,,,,,,,,,,,,,,,,,,,,,,,,,,,,,,,,,,,,,,,,,,,,,,,,,,,,,,,,,,,,,,,,,,,,,,"<img src=""https://umassamherst.co1.qualtrics.com/ControlPanel/Graphic.php?IM=IM_8jqMGkx3MLDuSl8"" alt=""White Car Image"">","$60,000",the United Negro College Fund,an organization that raises money to fund minority students and HBCUs,felons with previous marijuana indictments,"Aggressive enforcement of the War on Drugs resulted in 88% of the 8.2 million marijuana arrests between 2001 and 2010 made on the grounds of possession - not distribution - of marijuana. Moreover, there was a significant racial bias in arrests. Despite roughly equal usage rates, Blacks were 3.73 times more likely than whites to be arrested for marijuana.",Mohammed and his family have complied with all US vaccination requirements.,,
2021-11-16 11:44:34,2021-11-16 11:46:29,1,,100,115,1,2021-11-16 11:46:30,R_9sgXHjGh3AFW0Jb,,,,,42.389404296875,-72.52649688720703125,preview,EN,,,,,,,,,,,,,,,,,,,,,,,,,,,,,,,,,,,,,,,,,,,,,,,,,,,,,,,,,,,,,,,,,,,,,,,,,"<img src=""https://umassamherst.co1.qualtrics.com/ControlPanel/Graphic.php?IM=IM_8jqMGkx3MLDuSl8"" alt=""White Car Image"">","$20,000",Black Lives Matter,an organization that protests incidents of police brutality against African-Americans,those with previous marijuana indictments,"The Entry Track helps individuals with little or no experience, particularly those who wish to re-enter the workforce following incarceration, enter the cannabis industry.",Mohammad and his family have refused to comply with US vaccination requirements based on religious grounds.,,
2021-11-17 21:45:51,2021-11-17 21:55:53,0,128.119.202.202,100,602,1,2021-11-17 21:55:54,R_1oIx3ni7If6GCLO,,,,,42.389404296875,-72.52649688720703125,anonymous,EN,,29,5,2,2,1,,1,1,1,1,2,7,,,,,,,,,1,,,,,,,2,1,2,4,4,3,3,5,5,4,4,5,1,1,3,,5,,,,,,1,,,,1,,1,5,2,,,1,,1,,,2,,,,,,"<img src=""https://umassamherst.co1.qualtrics.com/ControlPanel/Graphic.php?IM=IM_cNl6CwoAVxSEA9o"" alt=""White Car Image"">","$20,000",Black Lives Matter,an organization that protests incidents of police brutality against African-Americans,felons with previous marijuana indictments,Aggressive enforcement of the War on Drugs resulted in many people arrested for using - not dealing - marijuana. 88% of the 8.2 million marijuana arrests between 2001 and 2010 made on the grounds of possession. These arrests exhibit a significant racial bias: blacks were 3.73 times more likely than whites to be arrested for marijuana despite roughly equal usage.,Mohammad and his family have refused to comply with US vaccination requirements based on religious grounds.,national,Control
2021-11-17 21:46:42,2021-11-17 21:57:03,0,71.192.24.72,100,620,1,2021-11-17 21:57:03,R_54KW2tX5fij9tp7,,,,,42.3180999755859375,-72.6920013427734375,anonymous,EN,,26,4,2,2,1,1,,1,1,1,1,5,,,,,,,,,2,,,,2,2,2,,,,3,4,3,2,5,5,3,3,3,3,1,5,,1,,,,,,1,,,,1,,2,5,2,,,1,,1,,,1,,,,,,"<img src=""https://umassamherst.co1.qualtrics.com/ControlPanel/Graphic.php?IM=IM_8jqMGkx3MLDuSl8"" alt=""White Car Image"">","$60,000",the United Negro College Fund,an organization that raises money to fund minority students and HBCUs,those with previous marijuana indictments,"Social equity programs may provide support for black entrepreneurs, who are struggling to join the rapidly growing marijuana industry which is currently dominated by a handful of companies.",Mohammed and his family have complied with all US vaccination requirements.,Republican Party,Control
2021-11-17 21:45:53,2021-11-17 22:16:01,0,71.199.99.103,100,1807,1,2021-11-17 22:16:01,R_PRp0Lt2P7DBqOfD,,,,,39.45269775390625,-78.89260101318359375,anonymous,EN,,,,1,2,1,,1,3,1,1,2,6,1,5,2,4,3,1,,,5,,,,2,2,2,,,,5,3,3,4,5,5,5,3,5,4,1,5,,1,,,,,,1,,,,3,,4,2,2,,,2,,4,This was awesomely designed.  Impeccable work.,,1,,,,,,"<img src=""https://umassamherst.co1.qualtrics.com/ControlPanel/Graphic.php?IM=IM_8jqMGkx3MLDuSl8"" alt=""White Car Image"">","$20,000",the United Negro College Fund,an organization that raises money to fund minority students and HBCUs,felons with previous marijuana indictments,"The Entry Track helps individuals with little or no experience, particularly those who wish to re-enter the workforce following incarceration, enter the cannabis industry.",Mohammad and his family have refused to comply with US vaccination requirements based on religious grounds.,national,Experience
2021-11-17 22:21:35,2021-11-17 22:24:20,0,24.34.192.141,100,164,1,2021-11-17 22:24:20,R_XM8Dm4Q0SjTMO6B,,,,,42.3654022216796875,-72.46710205078125,anonymous,EN,,26,4,5,1,2,,3,3,1,2,1,7,,,,,,,2,4,3,2,2,2,,,,,,,5,1,4,3,1,4,5,3,2,3,1,5,,4,,,,,1,,,,,1,,4,4,1,,1,,,4,,,1,,0,0,5.506,0,"<img src=""https://umassamherst.co1.qualtrics.com/ControlPanel/Graphic.php?IM=IM_cNl6CwoAVxSEA9o"" alt=""White Car Image"">","$60,000",Black Lives Matter,an organization that protests incidents of police brutality against African-Americans,those from disproportionately affected communities,"The Entry Track helps individuals with little or no experience, particularly those who wish to re-enter the workforce following incarceration, enter the cannabis industry.",Mohammad and his family have refused to comply with US vaccination requirements based on religious grounds.,Republican Party,Control
2021-11-17 22:31:48,2021-11-17 22:34:22,0,71.192.24.72,100,153,1,2021-11-17 22:34:22,R_3KAQXsckP0UmhSK,,,,,42.3180999755859375,-72.6920013427734375,anonymous,EN,,29,5,5,1,4,4,,1,3,2,1,6,3,5,2,4,1,1,2,5,4,,,,,,,2,1,1,1,3,2,5,4,3,2,2,2,5,3,4,,2,,,,1,,,,,,2,,1,2,1,,1,,,6,,1,,13,1.337,3.158,5.901,2,"<img src=""https://umassamherst.co1.qualtrics.com/ControlPanel/Graphic.php?IM=IM_cNl6CwoAVxSEA9o"" alt=""White Car Image"">","$20,000",the United Negro College Fund,an organization that raises money to fund minority students and HBCUs,those with previous marijuana indictments,"Social equity programs may provide support for black entrepreneurs, who are struggling to join the rapidly growing marijuana industry which is currently dominated by a handful of companies.",Mohammed and his family have complied with all US vaccination requirements.,Democratic Party,Experience
2021-11-17 22:30:59,2021-11-17 22:35:40,0,96.41.142.86,100,281,1,2021-11-17 22:35:41,R_AzEmKwBQZ4Ic5Gh,,,,,42.395599365234375,-123.3527984619140625,anonymous,EN,,29,4,1,2,3,1,,3,1,2,1,7,,,,,,,4,5,3,2,2,2,,,,,,,1,5,4,3,1,4,1,3,1,3,1,4,,5,,,,,,1,,,,1,,2,2,3,,,,2,1,Nothing I can think of,2,,,,,,,"<img src=""https://umassamherst.co1.qualtrics.com/ControlPanel/Graphic.php?IM=IM_cNl6CwoAVxSEA9o"" alt=""White Car Image"">","$20,000",the United Negro College Fund,an organization that raises money to fund minority students and HBCUs,those from disproportionately affected communities,Aggressive enforcement of the War on Drugs resulted in many people arrested for using - not dealing - marijuana. 88% of the 8.2 million marijuana arrests between 2001 and 2010 were made on the grounds of possession. These arrests exhibit a significant racial bias: blacks were 3.73 times more likely than whites to be arrested for marijuana despite roughly equal usage.,Mohammad and his family have refused to comply with US vaccination requirements based on religious grounds.,Democratic Party,Control
2021-11-17 22:33:22,2021-11-17 22:35:55,0,202.182.67.44,100,153,1,2021-11-17 22:35:56,R_2WS7l6a3AJP1j6k,,,,,40.6078033447265625,-73.821502685546875,anonymous,EN,,29,5,3,1,1,,1,1,1,1,1,5,,,,,,,1,1,2,,,,1,1,1,,,,5,5,5,5,5,4,5,5,5,5,1,4,,2,1,,1,,,,,,,1,,2,3,2,,,1,,1,good,,1,5,2.958,3.394,14.385,2,"<img src=""https://umassamherst.co1.qualtrics.com/ControlPanel/Graphic.php?IM=IM_8jqMGkx3MLDuSl8"" alt=""White Car Image"">","$60,000",the Sunrise Movement,a youth-led organization that protests against fossil fuels and political inaction on climate change,those with previous marijuana indictments,Aggressive enforcement of the War on Drugs resulted in many people arrested for using - not dealing - marijuana. 88% of the 8.2 million marijuana arrests between 2001 and 2010 were made on the grounds of possession. These arrests exhibit a significant racial bias: blacks were 3.73 times more likely than whites to be arrested for marijuana despite roughly equal usage.,Mohammed and his family have complied with all US vaccination requirements.,Republican Party,Control
2021-11-17 22:31:21,2021-11-17 22:37:00,0,181.214.112.110,100,338,1,2021-11-17 22:37:01,R_2tJxtPk57hMPEuS,,,,,41.8874053955078125,-87.63179779052734375,anonymous,EN,,28,4,3,2,2,3,,4,3,2,2,7,,,,,,,2,2,2,2,2,2,,,,,,,4,3,2,3,2,3,3,2,3,4,1,5,,1,,,,,,1,,,,1,,2,4,1,,2,,,1,,,2,,,,,,"<img src=""https://umassamherst.co1.qualtrics.com/ControlPanel/Graphic.php?IM=IM_cNl6CwoAVxSEA9o"" alt=""White Car Image"">","$60,000",the Sunrise Movement,a youth-led organization that protests against fossil fuels and political inaction on climate change,felons with previous marijuana indictments,"The Entry Track helps individuals with little or no experience, particularly those who wish to re-enter the workforce following incarceration, enter the cannabis industry.",Mohammad and his family have refused to comply with US vaccination requirements based on religious grounds.,Republican Party,Control
2021-11-17 22:31:30,2021-11-17 22:37:36,0,74.118.138.27,100,366,1,2021-11-17 22:37:37,R_PHZhyttMnA15exj,,,,,40.43389892578125,-79.999603271484375,anonymous,EN,,28,4,4,1,1,,2,1,1,1,1,5,,,,,,,1,1,1,,,,1,1,1,,,,4,3,3,4,4,3,3,4,3,5,1,5,,1,,,,,,1,,,,2,,2,3,2,,,1,,1,good,1,,40,5.994,20.958,32.858,2,"<img src=""https://umassamherst.co1.qualtrics.com/ControlPanel/Graphic.php?IM=IM_8jqMGkx3MLDuSl8"" alt=""White Car Image"">","$20,000",the United Negro College Fund,an organization that raises money to fund minority students and HBCUs,felons with previous marijuana indictments,"The Entry Track helps individuals with little or no experience, particularly those who wish to re-enter the workforce following incarceration, enter the cannabis industry.",Mohammed and his family have complied with all US vaccination requirements.,national,Control
2021-11-17 22:30:32,2021-11-17 22:37:57,0,154.13.59.65,100,444,1,2021-11-17 22:37:57,R_1F5mMVOZFdVgeKv,,,,,39.046905517578125,-77.49030303955078125,anonymous,EN,,29,4,4,1,2,3,,2,2,2,2,6,,,,,,,2,4,3,,,,,,,2,1,1,4,3,4,5,4,3,4,5,4,5,1,6,,5,,,,,,1,,,,1,,2,2,1,,1,,,1,,1,,,0,0,4.289,0,"<img src=""https://umassamherst.co1.qualtrics.com/ControlPanel/Graphic.php?IM=IM_8jqMGkx3MLDuSl8"" alt=""White Car Image"">","$20,000",Black Lives Matter,an organization that protests incidents of police brutality against African-Americans,felons with previous marijuana indictments,Aggressive enforcement of the War on Drugs resulted in many people arrested for using - not dealing - marijuana. 88% of the 8.2 million marijuana arrests between 2001 and 2010 were made on the grounds of possession. These arrests exhibit a significant racial bias: blacks were 3.73 times more likely than whites to be arrested for marijuana despite roughly equal usage.,Mohammed and his family have complied with all US vaccination requirements.,Democratic Party,Control
2021-11-17 22:30:58,2021-11-17 22:38:35,0,73.144.104.225,100,457,1,2021-11-17 22:38:36,R_3LXDh16jjPCp8VI,,,,,42.6410980224609375,-83.0449981689453125,anonymous,EN,,28,5,1,2,2,3,,3,1,2,1,7,1,4,2,3,5,1,2,2,2,2,2,2,,,,,,,2,5,5,1,4,4,4,3,3,2,1,4,,1,,,,,,1,,,,2,,4,5,3,,,,3,1,,2,,,,,,,"<img src=""https://umassamherst.co1.qualtrics.com/ControlPanel/Graphic.php?IM=IM_cNl6CwoAVxSEA9o"" alt=""White Car Image"">","$60,000",the Children's Cancer Research Fund,an organization that raises money to fund research for childhood cancer,those with previous marijuana indictments,"Social equity programs may provide support for black entrepreneurs, who are struggling to join the rapidly growing marijuana industry which is currently dominated by a handful of companies.",Mohammad and his family have refused to comply with US vaccination requirements based on religious grounds.,national,Experience
2021-11-17 22:31:48,2021-11-17 22:38:51,0,73.169.119.154,100,422,1,2021-11-17 22:38:51,R_8J7m5dCdn9qazXH,,,,,39.589202880859375,-105.13590240478515625,anonymous,EN,,25,2,1,2,1,,3,3,1,2,1,5,2,5,1,3,4,1,4,2,4,,,,2,2,2,,,,2,4,3,1,5,5,3,3,3,3,1,5,,3,,,,,,1,,,,2,,5,2,1,,2,,,1,,,2,,,,,,"<img src=""https://umassamherst.co1.qualtrics.com/ControlPanel/Graphic.php?IM=IM_cNl6CwoAVxSEA9o"" alt=""White Car Image"">","$20,000",Black Lives Matter,an organization that protests incidents of police brutality against African-Americans,those from disproportionately affected communities,Aggressive enforcement of the War on Drugs resulted in many people arrested for using - not dealing - marijuana. 88% of the 8.2 million marijuana arrests between 2001 and 2010 were made on the grounds of possession. These arrests exhibit a significant racial bias: blacks were 3.73 times more likely than whites to be arrested for marijuana despite roughly equal usage.,Mohammad and his family have refused to comply with US vaccination requirements based on religious grounds.,Democratic Party,Experience
2021-11-17 22:34:58,2021-11-17 22:39:14,0,202.182.67.48,100,255,1,2021-11-17 22:39:14,R_20Z5xFbtFhIJFvG,,,,,40.6078033447265625,-73.821502685546875,anonymous,EN,,28,4,4,2,2,2,,2,1,1,2,6,1,5,3,4,2,1,2,3,3,,,,,,,1,1,2,5,5,4,5,4,4,4,3,4,4,1,5,,1,,,1,,,,,,,1,,2,4,2,,,1,,1,good,2,,,,,,,"<img src=""https://umassamherst.co1.qualtrics.com/ControlPanel/Graphic.php?IM=IM_8jqMGkx3MLDuSl8"" alt=""White Car Image"">","$60,000",Black Lives Matter,an organization that protests incidents of police brutality against African-Americans,those from disproportionately affected communities,"Social equity programs may provide support for black entrepreneurs, who are struggling to join the rapidly growing marijuana industry which is currently dominated by a handful of companies.",Mohammad and his family have refused to comply with US vaccination requirements based on religious grounds.,national,Experience
2021-11-17 22:30:31,2021-11-17 22:40:09,0,173.198.160.217,100,577,1,2021-11-17 22:40:09,R_2U5vTNNblocWT2D,,,,,43.9600982666015625,-111.69750213623046875,anonymous,EN,,25,1,1,2,4,,3,5,2,2,1,8,3,5,2,4,1,2,3,4,4,,,,,,,2,1,1,2,5,4,2,1,1,1,1,1,1,2,5,,1,,1,,,,,,,,2,,4,2,3,,,,2,1,Liberals are the true racists.,,1,14,21.934,21.934,25.035,1,"<img src=""https://umassamherst.co1.qualtrics.com/ControlPanel/Graphic.php?IM=IM_8jqMGkx3MLDuSl8"" alt=""White Car Image"">","$20,000",the Sunrise Movement,a youth-led organization that protests against fossil fuels and political inaction on climate change,felons with previous marijuana indictments,"The Entry Track helps individuals with little or no experience, particularly those who wish to re-enter the workforce following incarceration, enter the cannabis industry.",Mohammed and his family have complied with all US vaccination requirements.,national,Experience
2021-11-17 22:35:39,2021-11-17 22:40:20,0,24.208.249.236,100,281,1,2021-11-17 22:40:20,R_3HoDv2uTAsqK8MS,,,,,41.229095458984375,-80.75859832763671875,anonymous,EN,,29,5,2,1,1,,2,1,1,2,1,5,,,,,,,2,3,1,,,,1,1,1,,,,5,4,5,4,5,4,4,5,4,5,1,5,,1,,,,,,1,,,,1,,2,3,2,,,1,,1,,,1,30,46.888,95.697,97.115,2,"<img src=""https://umassamherst.co1.qualtrics.com/ControlPanel/Graphic.php?IM=IM_8jqMGkx3MLDuSl8"" alt=""White Car Image"">","$20,000",the United Negro College Fund,an organization that raises money to fund minority students and HBCUs,those with previous marijuana indictments,"The Entry Track helps individuals with little or no experience, particularly those who wish to re-enter the workforce following incarceration, enter the cannabis industry.",Mohammad and his family have refused to comply with US vaccination requirements based on religious grounds.,Republican Party,Control
2021-11-17 22:34:47,2021-11-17 22:41:07,0,136.175.194.16,100,379,1,2021-11-17 22:41:07,R_3JEKHEAxhxLo210,,,,,36.837493896484375,-76.09760284423828125,anonymous,EN,,29,5,4,1,2,,1,1,1,1,1,5,,,,,,,1,2,1,1,1,1,,,,,,,5,4,5,4,5,5,4,5,4,5,1,5,,1,,,,,,1,,,,1,,3,3,2,,,1,,1,good,,1,10,2.983,10.64,13.798,7,"<img src=""https://umassamherst.co1.qualtrics.com/ControlPanel/Graphic.php?IM=IM_cNl6CwoAVxSEA9o"" alt=""White Car Image"">","$60,000",the United Negro College Fund,an organization that raises money to fund minority students and HBCUs,those with previous marijuana indictments,"Social equity programs may provide support for black entrepreneurs, who are struggling to join the rapidly growing marijuana industry which is currently dominated by a handful of companies.",Mohammad and his family have refused to comply with US vaccination requirements based on religious grounds.,Democratic Party,Control
2021-11-17 22:34:07,2021-11-17 22:41:09,0,202.182.64.53,100,421,1,2021-11-17 22:41:09,R_1MLZp2jKuVtmZwZ,,,,,40.6078033447265625,-73.821502685546875,anonymous,EN,,28,4,3,2,2,2,,2,3,1,1,6,4,1,3,5,2,1,2,1,2,1,1,1,,,,,,,3,4,3,5,4,3,5,4,4,3,1,5,,1,,,,,,1,,,,2,,2,2,3,,,,2,1,GOOD,,2,,,,,,"<img src=""https://umassamherst.co1.qualtrics.com/ControlPanel/Graphic.php?IM=IM_8jqMGkx3MLDuSl8"" alt=""White Car Image"">","$20,000",Black Lives Matter,an organization that protests incidents of police brutality against African-Americans,those from disproportionately affected communities,"Social equity programs may provide support for black entrepreneurs, who are struggling to join the rapidly growing marijuana industry which is currently dominated by a handful of companies.",Mohammed and his family have complied with all US vaccination requirements.,Republican Party,Experience
2021-11-17 22:40:13,2021-11-17 22:42:20,0,163.123.222.182,100,127,1,2021-11-17 22:42:21,R_2YeLOxLCmVsSM9z,,,,,39.3408050537109375,-76.40779876708984375,anonymous,EN,,28,4,4,1,1,1,,1,1,1,1,5,,,,,,,1,1,1,,,,,,,1,1,1,5,5,5,5,5,5,5,5,4,5,1,4,,1,,,1,,,,,,,1,,2,4,2,,,1,,1,good,,1,5,0,0,1.702,0,"<img src=""https://umassamherst.co1.qualtrics.com/ControlPanel/Graphic.php?IM=IM_cNl6CwoAVxSEA9o"" alt=""White Car Image"">","$20,000",Black Lives Matter,an organization that protests incidents of police brutality against African-Americans,felons with previous marijuana indictments,Aggressive enforcement of the War on Drugs resulted in many people arrested for using - not dealing - marijuana. 88% of the 8.2 million marijuana arrests between 2001 and 2010 were made on the grounds of possession. These arrests exhibit a significant racial bias: blacks were 3.73 times more likely than whites to be arrested for marijuana despite roughly equal usage.,Mohammed and his family have complied with all US vaccination requirements.,national,Control
2021-11-17 22:41:02,2021-11-17 22:42:59,0,202.182.67.249,100,117,1,2021-11-17 22:43:00,R_2WJDSYYfmVhoiQU,,,,,40.6078033447265625,-73.821502685546875,anonymous,EN,,28,4,3,2,2,,2,2,1,1,2,6,,,,,,,4,2,2,,,,2,1,1,,,,5,4,5,5,5,5,4,4,5,4,1,5,,1,,,1,,,,,,,1,,2,4,2,,,1,,1,good,2,,,,,,,"<img src=""https://umassamherst.co1.qualtrics.com/ControlPanel/Graphic.php?IM=IM_8jqMGkx3MLDuSl8"" alt=""White Car Image"">","$20,000",Black Lives Matter,an organization that protests incidents of police brutality against African-Americans,those with previous marijuana indictments,Aggressive enforcement of the War on Drugs resulted in many people arrested for using - not dealing - marijuana. 88% of the 8.2 million marijuana arrests between 2001 and 2010 were made on the grounds of possession. These arrests exhibit a significant racial bias: blacks were 3.73 times more likely than whites to be arrested for marijuana despite roughly equal usage.,Mohammad and his family have refused to comply with US vaccination requirements based on religious grounds.,Democratic Party,Control
2021-11-17 22:41:57,2021-11-17 22:44:09,0,163.123.223.197,100,131,1,2021-11-17 22:44:09,R_beE4Rk0i1m6O3cJ,,,,,39.3361053466796875,-76.53890228271484375,anonymous,EN,,29,5,2,1,2,2,,1,1,1,2,6,1,2,3,4,5,1,2,1,1,,,,,,,1,1,1,4,4,4,4,4,4,4,4,4,4,1,5,,1,,,,,,1,,,,1,,2,3,2,,,1,,1,,,1,,2.15,2.15,2.901,1,"<img src=""https://umassamherst.co1.qualtrics.com/ControlPanel/Graphic.php?IM=IM_cNl6CwoAVxSEA9o"" alt=""White Car Image"">","$60,000",the United Negro College Fund,an organization that raises money to fund minority students and HBCUs,those from disproportionately affected communities,"The Entry Track helps individuals with little or no experience, particularly those who wish to re-enter the workforce following incarceration, enter the cannabis industry.",Mohammad and his family have refused to comply with US vaccination requirements based on religious grounds.,Republican Party,Experience
2021-11-17 22:42:47,2021-11-17 22:45:45,0,154.22.56.27,100,177,1,2021-11-17 22:45:45,R_ZlAu62xGr5zsc7v,,,,,37.751007080078125,-97.82199859619140625,anonymous,EN,,28,4,3,2,2,1,,1,1,1,1,6,,,,,,,2,1,2,,,,,,,1,1,1,4,3,3,4,5,4,3,4,5,4,1,5,,1,,,,,,1,,,,1,,2,4,2,,,1,,1,,2,,,,,,,"<img src=""https://umassamherst.co1.qualtrics.com/ControlPanel/Graphic.php?IM=IM_cNl6CwoAVxSEA9o"" alt=""White Car Image"">","$60,000",the Sunrise Movement,a youth-led organization that protests against fossil fuels and political inaction on climate change,those from disproportionately affected communities,"Social equity programs may provide support for black entrepreneurs, who are struggling to join the rapidly growing marijuana industry which is currently dominated by a handful of companies.",Mohammed and his family have complied with all US vaccination requirements.,national,Control
2021-11-17 22:39:46,2021-11-17 22:47:02,0,104.156.201.6,100,436,1,2021-11-17 22:47:02,R_1QGZRwSJlAp1IkW,,,,,47.61090087890625,-122.33029937744140625,anonymous,EN,,28,5,4,1,2,2,,2,1,1,1,6,1,2,3,5,4,1,1,2,2,1,1,1,,,,,,,3,4,3,4,4,3,3,4,3,5,1,5,,1,,,,,,1,,,,1,,2,4,1,,1,,,1,Good...,,1,4,8.343,110.686,112.86,3,"<img src=""https://umassamherst.co1.qualtrics.com/ControlPanel/Graphic.php?IM=IM_cNl6CwoAVxSEA9o"" alt=""White Car Image"">","$60,000",the United Negro College Fund,an organization that raises money to fund minority students and HBCUs,those from disproportionately affected communities,"Social equity programs may provide support for black entrepreneurs, who are struggling to join the rapidly growing marijuana industry which is currently dominated by a handful of companies.",Mohammad and his family have refused to comply with US vaccination requirements based on religious grounds.,Republican Party,Experience
2021-11-17 22:45:47,2021-11-17 22:47:27,0,202.182.67.52,100,99,1,2021-11-17 22:47:27,R_1MMzHbAqksq1bfM,,,,,40.6078033447265625,-73.821502685546875,anonymous,EN,,28,5,5,1,1,2,,2,1,1,2,6,,,,,,,2,1,2,,,,2,1,2,,,,4,5,4,5,5,4,5,4,5,5,1,5,,1,,,1,,,,,,,1,,3,3,2,,,1,,1,good,,2,,,,,,"<img src=""https://umassamherst.co1.qualtrics.com/ControlPanel/Graphic.php?IM=IM_cNl6CwoAVxSEA9o"" alt=""White Car Image"">","$20,000",Black Lives Matter,an organization that protests incidents of police brutality against African-Americans,those with previous marijuana indictments,Aggressive enforcement of the War on Drugs resulted in many people arrested for using - not dealing - marijuana. 88% of the 8.2 million marijuana arrests between 2001 and 2010 were made on the grounds of possession. These arrests exhibit a significant racial bias: blacks were 3.73 times more likely than whites to be arrested for marijuana despite roughly equal usage.,Mohammad and his family have refused to comply with US vaccination requirements based on religious grounds.,Democratic Party,Control
2021-11-17 22:32:32,2021-11-17 22:47:53,0,154.13.59.89,100,921,1,2021-11-17 22:47:54,R_ux1qLCo6CnFLAd3,,,,,39.046905517578125,-77.49030303955078125,anonymous,EN,,29,5,4,1,1,,2,2,1,1,1,6,2,4,3,5,1,1,1,2,1,,,,1,2,2,,,,4,5,4,3,5,4,4,5,5,4,1,5,,1,,,,,,1,,,,2,,3,4,2,,,1,,1,nice,,1,5,12.912,12.912,33.816,1,"<img src=""https://umassamherst.co1.qualtrics.com/ControlPanel/Graphic.php?IM=IM_8jqMGkx3MLDuSl8"" alt=""White Car Image"">","$60,000",the Children's Cancer Research Fund,an organization that raises money to fund research for childhood cancer,those from disproportionately affected communities,"The Entry Track helps individuals with little or no experience, particularly those who wish to re-enter the workforce following incarceration, enter the cannabis industry.",Mohammed and his family have complied with all US vaccination requirements.,national,Experience
2021-11-17 22:45:24,2021-11-17 22:49:46,0,23.177.176.56,100,261,1,2021-11-17 22:49:46,R_27wlnIwU1OF49DV,,,,,37.5731048583984375,-122.05390167236328125,anonymous,EN,,28,5,3,2,1,,2,2,2,1,1,6,3,1,4,5,2,1,2,1,2,,,,1,1,1,,,,3,4,3,5,4,4,2,3,3,4,1,6,,1,,,,,,1,,,,2,,2,2,3,,,,2,1,GOOD,,2,,,,,,"<img src=""https://umassamherst.co1.qualtrics.com/ControlPanel/Graphic.php?IM=IM_8jqMGkx3MLDuSl8"" alt=""White Car Image"">","$20,000",the Sunrise Movement,a youth-led organization that protests against fossil fuels and political inaction on climate change,those with previous marijuana indictments,Aggressive enforcement of the War on Drugs resulted in many people arrested for using - not dealing - marijuana. 88% of the 8.2 million marijuana arrests between 2001 and 2010 were made on the grounds of possession. These arrests exhibit a significant racial bias: blacks were 3.73 times more likely than whites to be arrested for marijuana despite roughly equal usage.,Mohammed and his family have complied with all US vaccination requirements.,Republican Party,Experience
2021-11-17 22:37:57,2021-11-17 22:49:50,0,99.145.225.79,100,713,1,2021-11-17 22:49:50,R_3rNfWQH12iEap98,,,,,34.0782012939453125,-84.64849853515625,anonymous,EN,,28,4,5,2,2,,2,4,2,2,2,6,4,2,3,5,1,1,4,3,2,,,,,,,2,2,2,3,4,3,3,3,3,4,3,2,4,1,6,,1,,,1,,,,,,,1,,4,5,2,,,2,,1,None,2,,,,,,,"<img src=""https://umassamherst.co1.qualtrics.com/ControlPanel/Graphic.php?IM=IM_8jqMGkx3MLDuSl8"" alt=""White Car Image"">","$60,000",the Children's Cancer Research Fund,an organization that raises money to fund research for childhood cancer,felons with previous marijuana indictments,"Social equity programs may provide support for black entrepreneurs, who are struggling to join the rapidly growing marijuana industry which is currently dominated by a handful of companies.",Mohammad and his family have refused to comply with US vaccination requirements based on religious grounds.,Democratic Party,Experience
2021-11-17 22:40:53,2021-11-17 22:51:25,0,173.47.178.180,100,631,1,2021-11-17 22:51:26,R_3CDfEjbotXzeA9j,,,,,35.41229248046875,-99.4250030517578125,anonymous,EN,,29,5,3,2,1,2,,4,1,1,1,6,,,,,,,2,1,2,1,2,1,,,,,,,3,4,3,3,5,5,5,4,5,2,1,5,,3,,,,,,1,,,,1,,4,2,1,,1,,,1,thanks,2,,,,,,,"<img src=""https://umassamherst.co1.qualtrics.com/ControlPanel/Graphic.php?IM=IM_8jqMGkx3MLDuSl8"" alt=""White Car Image"">","$60,000",the Children's Cancer Research Fund,an organization that raises money to fund research for childhood cancer,felons with previous marijuana indictments,"The Entry Track helps individuals with little or no experience, particularly those who wish to re-enter the workforce following incarceration, enter the cannabis industry.",Mohammed and his family have complied with all US vaccination requirements.,national,Control
2021-11-17 22:40:58,2021-11-17 22:53:22,0,163.123.221.8,100,743,1,2021-11-17 22:53:22,R_2dLPvgWYDodf8p2,,,,,39.3408050537109375,-76.40779876708984375,anonymous,EN,,29,5,3,1,1,,1,1,1,1,1,5,,,,,,,1,1,1,,,,,,,1,1,1,5,5,5,5,5,5,5,5,5,5,1,5,,1,,,1,,,,,,,1,,2,4,1,,1,,,1,GOOD,1,,50,12.676,12.676,15.721,1,"<img src=""https://umassamherst.co1.qualtrics.com/ControlPanel/Graphic.php?IM=IM_8jqMGkx3MLDuSl8"" alt=""White Car Image"">","$60,000",the Sunrise Movement,a youth-led organization that protests against fossil fuels and political inaction on climate change,those with previous marijuana indictments,"The Entry Track helps individuals with little or no experience, particularly those who wish to re-enter the workforce following incarceration, enter the cannabis industry.",Mohammed and his family have complied with all US vaccination requirements.,Democratic Party,Control
2021-11-17 22:33:00,2021-11-17 22:55:56,0,54.163.191.24,100,1376,1,2021-11-17 22:55:57,R_basJUBnjpjarXKV,,,,,38.658294677734375,-77.24810028076171875,anonymous,EN,,28,5,2,2,1,,4,3,3,1,1,6,1,3,4,5,2,1,2,5,2,1,2,1,,,,,,,1,5,4,4,3,4,2,4,3,4,2,5,,1,,,,,,1,,,,1,,3,3,2,,,1,,1,,1,,,20.216,77.644,80.76,5,"<img src=""https://umassamherst.co1.qualtrics.com/ControlPanel/Graphic.php?IM=IM_cNl6CwoAVxSEA9o"" alt=""White Car Image"">","$60,000",the Sunrise Movement,a youth-led organization that protests against fossil fuels and political inaction on climate change,felons with previous marijuana indictments,Aggressive enforcement of the War on Drugs resulted in many people arrested for using - not dealing - marijuana. 88% of the 8.2 million marijuana arrests between 2001 and 2010 were made on the grounds of possession. These arrests exhibit a significant racial bias: blacks were 3.73 times more likely than whites to be arrested for marijuana despite roughly equal usage.,Mohammed and his family have complied with all US vaccination requirements.,national,Experience
2021-11-17 22:50:52,2021-11-17 22:58:20,0,163.123.222.66,100,448,1,2021-11-17 22:58:20,R_1ruIZyj1SELqc3J,,,,,39.3408050537109375,-76.40779876708984375,anonymous,EN,,28,5,4,1,1,,2,1,1,1,1,6,,,,,,,1,2,1,,,,,,,1,1,1,5,4,3,3,4,5,4,4,5,4,1,5,,1,,,,,,1,,,,1,,2,3,2,,,1,,1,NICE,,1,5,3.991,148.729,154.894,5,"<img src=""https://umassamherst.co1.qualtrics.com/ControlPanel/Graphic.php?IM=IM_cNl6CwoAVxSEA9o"" alt=""White Car Image"">","$20,000",the United Negro College Fund,an organization that raises money to fund minority students and HBCUs,felons with previous marijuana indictments,"The Entry Track helps individuals with little or no experience, particularly those who wish to re-enter the workforce following incarceration, enter the cannabis industry.",Mohammad and his family have refused to comply with US vaccination requirements based on religious grounds.,national,Control
2021-11-17 22:57:02,2021-11-17 22:59:07,0,202.182.67.39,100,124,1,2021-11-17 22:59:07,R_1riV0DYxTsg63c6,,,,,40.6078033447265625,-73.821502685546875,anonymous,EN,,25,4,4,1,1,,1,1,1,1,1,5,,,,,,,1,2,3,1,1,1,,,,,,,4,4,4,4,4,4,4,4,4,4,1,4,,1,,,1,,,,,,,1,,2,4,2,,,1,,1,fgoos,,1,5,0,0,2.15,0,"<img src=""https://umassamherst.co1.qualtrics.com/ControlPanel/Graphic.php?IM=IM_8jqMGkx3MLDuSl8"" alt=""White Car Image"">","$60,000",the United Negro College Fund,an organization that raises money to fund minority students and HBCUs,those with previous marijuana indictments,Aggressive enforcement of the War on Drugs resulted in many people arrested for using - not dealing - marijuana. 88% of the 8.2 million marijuana arrests between 2001 and 2010 were made on the grounds of possession. These arrests exhibit a significant racial bias: blacks were 3.73 times more likely than whites to be arrested for marijuana despite roughly equal usage.,Mohammad and his family have refused to comply with US vaccination requirements based on religious grounds.,national,Control
2021-11-17 22:35:29,2021-11-17 22:59:51,0,47.200.110.243,100,1461,1,2021-11-17 22:59:51,R_1qb2SQG494IF067,,,,,27.89300537109375,-82.5074005126953125,anonymous,EN,,29,4,1,2,1,,1,1,1,1,1,7,,,,,,,2,2,2,,,,2,1,2,,,,1,5,5,1,5,5,5,5,5,5,1,5,,5,,,1,,,1,,,,1,,2,4,2,,,1,,1,,,2,,,,,,"<img src=""https://umassamherst.co1.qualtrics.com/ControlPanel/Graphic.php?IM=IM_cNl6CwoAVxSEA9o"" alt=""White Car Image"">","$20,000",the Sunrise Movement,a youth-led organization that protests against fossil fuels and political inaction on climate change,those with previous marijuana indictments,"Social equity programs may provide support for black entrepreneurs, who are struggling to join the rapidly growing marijuana industry which is currently dominated by a handful of companies.",Mohammad and his family have refused to comply with US vaccination requirements based on religious grounds.,Democratic Party,Control
2021-11-17 22:48:38,2021-11-17 23:02:39,0,64.68.233.145,100,841,1,2021-11-17 23:02:39,R_AtW7aiKdujQQKyZ,,,,,32.74029541015625,-101.95510101318359375,anonymous,EN,,29,4,5,1,2,,2,1,1,2,1,6,2,4,1,5,3,1,2,1,2,,,,2,1,2,,,,3,4,3,5,5,5,4,5,4,4,1,5,,1,,,,,,1,,,,1,,1,3,2,,,1,,1,Very interesting.,2,,,,,,,"<img src=""https://umassamherst.co1.qualtrics.com/ControlPanel/Graphic.php?IM=IM_cNl6CwoAVxSEA9o"" alt=""White Car Image"">","$60,000",the Children's Cancer Research Fund,an organization that raises money to fund research for childhood cancer,those from disproportionately affected communities,"Social equity programs may provide support for black entrepreneurs, who are struggling to join the rapidly growing marijuana industry which is currently dominated by a handful of companies.",Mohammed and his family have complied with all US vaccination requirements.,Democratic Party,Experience
2021-11-17 22:37:14,2021-11-17 23:03:11,0,45.35.97.203,100,1556,1,2021-11-17 23:03:12,R_1ePMaAhBFaoReXj,,,,,32.8137054443359375,-96.87039947509765625,anonymous,EN,,29,5,1,2,1,,4,3,2,2,1,5,5,2,4,3,1,2,3,2,3,2,2,2,,,,,,,1,5,5,1,5,5,5,4,4,3,1,5,,1,,,,,,1,,,,2,,2,2,2,,,1,,1,no comments,2,,,,,,,"<img src=""https://umassamherst.co1.qualtrics.com/ControlPanel/Graphic.php?IM=IM_cNl6CwoAVxSEA9o"" alt=""White Car Image"">","$20,000",the Children's Cancer Research Fund,an organization that raises money to fund research for childhood cancer,those from disproportionately affected communities,Aggressive enforcement of the War on Drugs resulted in many people arrested for using - not dealing - marijuana. 88% of the 8.2 million marijuana arrests between 2001 and 2010 were made on the grounds of possession. These arrests exhibit a significant racial bias: blacks were 3.73 times more likely than whites to be arrested for marijuana despite roughly equal usage.,Mohammed and his family have complied with all US vaccination requirements.,Republican Party,Experience
2021-11-17 22:30:49,2021-11-17 23:07:23,0,73.181.67.85,100,2194,1,2021-11-17 23:07:24,R_2UaW69TPcmiQaj3,,,,,40.5814971923828125,-105.1042022705078125,anonymous,EN,,28,5,2,2,1,,1,1,1,1,2,5,,,,,,,5,2,1,,,,,,,2,2,2,3,2,3,3,5,5,5,1,5,1,1,6,,1,,,,,,1,,,,2,,2,4,2,,,1,,1,,1,,8,6.203,131.676,132.034,7,"<img src=""https://umassamherst.co1.qualtrics.com/ControlPanel/Graphic.php?IM=IM_8jqMGkx3MLDuSl8"" alt=""White Car Image"">","$60,000",the Children's Cancer Research Fund,an organization that raises money to fund research for childhood cancer,felons with previous marijuana indictments,Aggressive enforcement of the War on Drugs resulted in many people arrested for using - not dealing - marijuana. 88% of the 8.2 million marijuana arrests between 2001 and 2010 were made on the grounds of possession. These arrests exhibit a significant racial bias: blacks were 3.73 times more likely than whites to be arrested for marijuana despite roughly equal usage.,Mohammed and his family have complied with all US vaccination requirements.,Democratic Party,Control
2021-11-17 22:57:28,2021-11-17 23:08:46,0,12.198.49.142,100,678,1,2021-11-17 23:08:47,R_2XomM6xarDF7nfi,,,,,32.720306396484375,-117.1551971435546875,anonymous,EN,,29,5,5,1,1,,1,1,1,1,1,5,2,4,3,5,1,1,1,1,1,1,1,1,,,,,,,5,4,5,4,5,4,5,4,5,4,1,5,,1,,,,,,1,,,,1,,2,4,2,,,1,,1,,2,,,,,,,"<img src=""https://umassamherst.co1.qualtrics.com/ControlPanel/Graphic.php?IM=IM_8jqMGkx3MLDuSl8"" alt=""White Car Image"">","$60,000",Black Lives Matter,an organization that protests incidents of police brutality against African-Americans,felons with previous marijuana indictments,"Social equity programs may provide support for black entrepreneurs, who are struggling to join the rapidly growing marijuana industry which is currently dominated by a handful of companies.",Mohammad and his family have refused to comply with US vaccination requirements based on religious grounds.,Republican Party,Experience
2021-11-17 23:01:45,2021-11-17 23:09:02,0,73.63.7.110,100,436,1,2021-11-17 23:09:02,R_SCMWDkSWW7PedZn,,,,,40.75,-111.9208984375,anonymous,EN,,29,4,2,2,2,,1,1,1,1,2,8,2,5,3,4,1,1,3,5,3,,,,2,2,2,,,,2,4,4,1,5,5,5,1,1,1,1,5,,3,,,,,,1,,,,1,,4,3,2,,,1,,1,,2,,,,,,,"<img src=""https://umassamherst.co1.qualtrics.com/ControlPanel/Graphic.php?IM=IM_cNl6CwoAVxSEA9o"" alt=""White Car Image"">","$20,000",the Children's Cancer Research Fund,an organization that raises money to fund research for childhood cancer,felons with previous marijuana indictments,Aggressive enforcement of the War on Drugs resulted in many people arrested for using - not dealing - marijuana. 88% of the 8.2 million marijuana arrests between 2001 and 2010 were made on the grounds of possession. These arrests exhibit a significant racial bias: blacks were 3.73 times more likely than whites to be arrested for marijuana despite roughly equal usage.,Mohammad and his family have refused to comply with US vaccination requirements based on religious grounds.,Republican Party,Experience
2021-11-17 23:08:05,2021-11-17 23:10:43,0,202.182.67.238,100,158,1,2021-11-17 23:10:43,R_3GiUDkKfAsGQPjb,,,,,40.6078033447265625,-73.821502685546875,anonymous,EN,,28,5,4,1,1,,1,3,1,1,1,5,1,2,3,4,5,1,2,3,3,,,,,,,1,1,1,5,5,5,5,5,5,5,5,5,5,1,4,,1,,,,,,1,,,,1,,2,3,2,,,1,,1,good,,1,5,2.449,2.449,2.759,1,"<img src=""https://umassamherst.co1.qualtrics.com/ControlPanel/Graphic.php?IM=IM_cNl6CwoAVxSEA9o"" alt=""White Car Image"">","$60,000",the United Negro College Fund,an organization that raises money to fund minority students and HBCUs,those with previous marijuana indictments,"The Entry Track helps individuals with little or no experience, particularly those who wish to re-enter the workforce following incarceration, enter the cannabis industry.",Mohammed and his family have complied with all US vaccination requirements.,Democratic Party,Experience
2021-11-17 22:33:53,2021-11-17 23:11:06,0,161.35.139.58,100,2232,1,2021-11-17 23:11:07,R_xF3HoGe0C6B622d,,,,,40.836395263671875,-74.14029693603515625,anonymous,EN,,29,5,2,2,2,,2,3,1,1,1,7,1,5,2,4,3,1,2,2,2,,,,2,1,2,,,,2,4,4,2,4,4,4,4,4,3,1,5,,1,1,,,,,,,,,1,,2,2,2,,,2,,1,,,1,7,63.182,334.98,340.74,2,"<img src=""https://umassamherst.co1.qualtrics.com/ControlPanel/Graphic.php?IM=IM_8jqMGkx3MLDuSl8"" alt=""White Car Image"">","$20,000",the Children's Cancer Research Fund,an organization that raises money to fund research for childhood cancer,felons with previous marijuana indictments,"The Entry Track helps individuals with little or no experience, particularly those who wish to re-enter the workforce following incarceration, enter the cannabis industry.",Mohammad and his family have refused to comply with US vaccination requirements based on religious grounds.,Republican Party,Experience
2021-11-17 22:56:20,2021-11-17 23:12:43,0,54.146.157.108,100,982,1,2021-11-17 23:12:43,R_3q7kBlaVOszwqSQ,,,,,39.046905517578125,-77.49030303955078125,anonymous,EN,,28,4,3,1,2,2,,2,1,1,1,6,,,,,,,2,2,2,2,1,1,,,,,,,4,3,4,4,4,3,4,3,4,3,1,2,,1,,,,,,1,,,,1,,3,1,2,,,1,,1,nice,1,,10,3.044,82.062,85.252,3,"<img src=""https://umassamherst.co1.qualtrics.com/ControlPanel/Graphic.php?IM=IM_8jqMGkx3MLDuSl8"" alt=""White Car Image"">","$20,000",the Sunrise Movement,a youth-led organization that protests against fossil fuels and political inaction on climate change,those from disproportionately affected communities,"The Entry Track helps individuals with little or no experience, particularly those who wish to re-enter the workforce following incarceration, enter the cannabis industry.",Mohammed and his family have complied with all US vaccination requirements.,national,Control
2021-11-17 23:05:45,2021-11-17 23:14:42,0,23.120.120.136,100,537,1,2021-11-17 23:14:43,R_2CfDAV3N2mj3jcL,,,,,41.8907012939453125,-87.790802001953125,anonymous,EN,,29,4,3,2,1,1,,1,1,1,1,5,2,5,4,1,3,1,2,2,2,,,,2,2,2,,,,3,4,3,2,5,5,5,4,4,4,1,5,,1,,,,,,1,,,,2,,3,5,2,,,2,,1,,2,,,,,,,"<img src=""https://umassamherst.co1.qualtrics.com/ControlPanel/Graphic.php?IM=IM_8jqMGkx3MLDuSl8"" alt=""White Car Image"">","$20,000",Black Lives Matter,an organization that protests incidents of police brutality against African-Americans,those from disproportionately affected communities,"Social equity programs may provide support for black entrepreneurs, who are struggling to join the rapidly growing marijuana industry which is currently dominated by a handful of companies.",Mohammed and his family have complied with all US vaccination requirements.,Republican Party,Experience
2021-11-17 23:10:00,2021-11-17 23:14:42,0,73.116.238.35,100,282,1,2021-11-17 23:14:43,R_3p9M1wBmu5NKDL3,,,,,37.3256988525390625,-120.49990081787109375,anonymous,EN,,29,5,1,2,1,1,,2,1,2,2,6,,,,,,,1,1,1,,,,,,,2,2,2,2,5,4,1,5,5,4,4,4,4,1,5,,1,,,,,,1,,,,1,,3,2,2,,,2,,1,,,2,,,,,,"<img src=""https://umassamherst.co1.qualtrics.com/ControlPanel/Graphic.php?IM=IM_8jqMGkx3MLDuSl8"" alt=""White Car Image"">","$20,000",the Children's Cancer Research Fund,an organization that raises money to fund research for childhood cancer,those with previous marijuana indictments,Aggressive enforcement of the War on Drugs resulted in many people arrested for using - not dealing - marijuana. 88% of the 8.2 million marijuana arrests between 2001 and 2010 were made on the grounds of possession. These arrests exhibit a significant racial bias: blacks were 3.73 times more likely than whites to be arrested for marijuana despite roughly equal usage.,Mohammad and his family have refused to comply with US vaccination requirements based on religious grounds.,national,Control
2021-11-17 23:13:06,2021-11-17 23:15:27,0,71.92.22.35,100,141,1,2021-11-17 23:15:28,R_2YaGYcF3Hu8D6tM,,,,,30.5435943603515625,-89.68959808349609375,anonymous,EN,,28,4,2,2,1,3,,3,2,2,2,6,,,,,,,2,4,1,2,2,1,,,,,,,4,3,3,4,5,4,2,5,3,3,1,5,,5,1,,,,,,,,,1,,2,2,2,,,1,,1,,2,,,,,,,"<img src=""https://umassamherst.co1.qualtrics.com/ControlPanel/Graphic.php?IM=IM_8jqMGkx3MLDuSl8"" alt=""White Car Image"">","$60,000",the United Negro College Fund,an organization that raises money to fund minority students and HBCUs,felons with previous marijuana indictments,"Social equity programs may provide support for black entrepreneurs, who are struggling to join the rapidly growing marijuana industry which is currently dominated by a handful of companies.",Mohammed and his family have complied with all US vaccination requirements.,Republican Party,Control
2021-11-17 23:15:25,2021-11-17 23:19:02,0,154.22.56.27,100,217,1,2021-11-17 23:19:03,R_3KZaFD2EevX3jvV,,,,,37.751007080078125,-97.82199859619140625,anonymous,EN,,28,4,3,2,1,2,,1,1,1,1,5,3,1,2,4,5,1,2,1,2,,,,,,,1,1,1,3,5,4,4,4,5,4,3,3,4,1,5,,1,,,,,,1,,,,1,,2,4,2,,,1,,1,,,2,,,,,,"<img src=""https://umassamherst.co1.qualtrics.com/ControlPanel/Graphic.php?IM=IM_8jqMGkx3MLDuSl8"" alt=""White Car Image"">","$20,000",Black Lives Matter,an organization that protests incidents of police brutality against African-Americans,felons with previous marijuana indictments,Aggressive enforcement of the War on Drugs resulted in many people arrested for using - not dealing - marijuana. 88% of the 8.2 million marijuana arrests between 2001 and 2010 were made on the grounds of possession. These arrests exhibit a significant racial bias: blacks were 3.73 times more likely than whites to be arrested for marijuana despite roughly equal usage.,Mohammad and his family have refused to comply with US vaccination requirements based on religious grounds.,Democratic Party,Experience
2021-11-17 23:14:56,2021-11-17 23:21:39,0,202.182.67.240,100,402,1,2021-11-17 23:21:39,R_2QPrEO7BwfYen9o,,,,,40.6078033447265625,-73.821502685546875,anonymous,EN,,29,5,3,1,2,2,,1,1,1,1,5,1,2,3,4,5,1,3,2,2,1,1,1,,,,,,,4,4,4,4,4,4,4,4,4,4,2,5,,1,,,,,,1,,,,1,,2,4,2,,,1,,1,,1,,,0,0,1.021,0,"<img src=""https://umassamherst.co1.qualtrics.com/ControlPanel/Graphic.php?IM=IM_cNl6CwoAVxSEA9o"" alt=""White Car Image"">","$60,000",the Children's Cancer Research Fund,an organization that raises money to fund research for childhood cancer,those with previous marijuana indictments,"The Entry Track helps individuals with little or no experience, particularly those who wish to re-enter the workforce following incarceration, enter the cannabis industry.",Mohammed and his family have complied with all US vaccination requirements.,national,Experience
2021-11-17 23:17:59,2021-11-17 23:24:23,0,173.21.98.172,100,383,1,2021-11-17 23:24:23,R_3iyZptdwe6vNCS8,,,,,37.6161041259765625,-86.450897216796875,anonymous,EN,,28,4,1,2,2,3,,2,2,2,2,6,,,,,,,3,1,2,,,,2,2,2,,,,4,3,4,3,3,3,2,4,4,4,1,2,,5,,,,,,1,,,,1,,2,2,2,,,1,,1,,,2,,,,,,"<img src=""https://umassamherst.co1.qualtrics.com/ControlPanel/Graphic.php?IM=IM_cNl6CwoAVxSEA9o"" alt=""White Car Image"">","$60,000",the Sunrise Movement,a youth-led organization that protests against fossil fuels and political inaction on climate change,those from disproportionately affected communities,"Social equity programs may provide support for black entrepreneurs, who are struggling to join the rapidly growing marijuana industry which is currently dominated by a handful of companies.",Mohammed and his family have complied with all US vaccination requirements.,Democratic Party,Control
2021-11-17 23:31:50,2021-11-17 23:35:04,0,154.22.57.172,100,193,1,2021-11-17 23:35:04,R_1LpUZvG36zLcPPz,,,,,37.751007080078125,-97.82199859619140625,anonymous,EN,,29,4,3,1,2,2,,1,1,1,1,6,1,2,3,4,5,1,2,3,2,,,,,,,1,1,1,2,2,3,4,2,3,2,3,4,4,1,5,,5,,,,,,1,,,,1,,2,4,2,,,1,,1,good,1,,5,5.437,5.437,8.79,1,"<img src=""https://umassamherst.co1.qualtrics.com/ControlPanel/Graphic.php?IM=IM_8jqMGkx3MLDuSl8"" alt=""White Car Image"">","$60,000",the United Negro College Fund,an organization that raises money to fund minority students and HBCUs,those with previous marijuana indictments,"Social equity programs may provide support for black entrepreneurs, who are struggling to join the rapidly growing marijuana industry which is currently dominated by a handful of companies.",Mohammad and his family have refused to comply with US vaccination requirements based on religious grounds.,national,Experience
2021-11-17 23:32:21,2021-11-17 23:38:10,0,154.13.49.102,100,349,1,2021-11-17 23:38:11,R_2XbxTIJNf8VLfbH,,,,,40.82049560546875,-73.91829681396484375,anonymous,EN,,28,4,3,1,2,2,,3,1,1,1,6,,,,,,,2,2,3,1,1,1,,,,,,,4,3,2,3,3,2,4,3,4,5,1,5,,1,,,,,,1,,,,2,,2,2,1,,1,,,1,good,,1,85,52.33,52.33,54.542,1,"<img src=""https://umassamherst.co1.qualtrics.com/ControlPanel/Graphic.php?IM=IM_cNl6CwoAVxSEA9o"" alt=""White Car Image"">","$20,000",Black Lives Matter,an organization that protests incidents of police brutality against African-Americans,felons with previous marijuana indictments,Aggressive enforcement of the War on Drugs resulted in many people arrested for using - not dealing - marijuana. 88% of the 8.2 million marijuana arrests between 2001 and 2010 were made on the grounds of possession. These arrests exhibit a significant racial bias: blacks were 3.73 times more likely than whites to be arrested for marijuana despite roughly equal usage.,Mohammad and his family have refused to comply with US vaccination requirements based on religious grounds.,Republican Party,Control
2021-11-17 23:41:22,2021-11-17 23:47:14,0,47.76.76.235,100,351,1,2021-11-17 23:47:15,R_r2WooHwcAfIeKu5,,,,,29.7133026123046875,-95.48040008544921875,anonymous,EN,,25,5,3,1,1,,4,1,1,1,1,5,,,,,,,1,1,1,,,,1,1,1,,,,5,4,4,4,4,5,5,4,4,5,1,5,,1,,,,,,1,,,,1,,5,2,2,,,1,,1,good,1,,3,6.527,19.243,23.127,10,"<img src=""https://umassamherst.co1.qualtrics.com/ControlPanel/Graphic.php?IM=IM_8jqMGkx3MLDuSl8"" alt=""White Car Image"">","$60,000",the Children's Cancer Research Fund,an organization that raises money to fund research for childhood cancer,those from disproportionately affected communities,"The Entry Track helps individuals with little or no experience, particularly those who wish to re-enter the workforce following incarceration, enter the cannabis industry.",Mohammed and his family have complied with all US vaccination requirements.,national,Control
2021-11-17 23:40:23,2021-11-17 23:51:21,0,202.182.64.60,100,658,1,2021-11-17 23:51:22,R_8IV8LTSJjactl9n,,,,,40.6078033447265625,-73.821502685546875,anonymous,EN,,28,4,3,1,2,1,,1,1,1,1,5,4,3,2,5,1,1,1,1,1,,,,1,1,1,,,,4,5,4,5,5,4,4,4,5,5,1,5,,1,,,,,,1,,,,2,,3,3,2,,,1,,1,,1,,10,0,0,12.713,0,"<img src=""https://umassamherst.co1.qualtrics.com/ControlPanel/Graphic.php?IM=IM_cNl6CwoAVxSEA9o"" alt=""White Car Image"">","$60,000",the Sunrise Movement,a youth-led organization that protests against fossil fuels and political inaction on climate change,felons with previous marijuana indictments,"The Entry Track helps individuals with little or no experience, particularly those who wish to re-enter the workforce following incarceration, enter the cannabis industry.",Mohammad and his family have refused to comply with US vaccination requirements based on religious grounds.,Republican Party,Experience
2021-11-18 00:06:49,2021-11-18 00:10:07,0,191.101.174.13,100,198,1,2021-11-18 00:10:08,R_2rf6mrI5IroqotX,,,,,40.78759765625,-74.05999755859375,anonymous,EN,,28,5,4,1,1,,3,2,1,2,1,5,5,3,1,2,4,1,2,3,2,2,2,1,,,,,,,3,4,3,2,4,2,3,3,3,4,2,5,,1,,,,,,1,,,,2,,2,3,2,,,1,,1,good,1,,10,1.119,1.574,5.053,2,"<img src=""https://umassamherst.co1.qualtrics.com/ControlPanel/Graphic.php?IM=IM_cNl6CwoAVxSEA9o"" alt=""White Car Image"">","$20,000",Black Lives Matter,an organization that protests incidents of police brutality against African-Americans,those from disproportionately affected communities,Aggressive enforcement of the War on Drugs resulted in many people arrested for using - not dealing - marijuana. 88% of the 8.2 million marijuana arrests between 2001 and 2010 were made on the grounds of possession. These arrests exhibit a significant racial bias: blacks were 3.73 times more likely than whites to be arrested for marijuana despite roughly equal usage.,Mohammed and his family have complied with all US vaccination requirements.,Republican Party,Experience
2021-11-18 00:05:52,2021-11-18 00:12:58,0,208.203.208.29,100,426,1,2021-11-18 00:12:59,R_27rR4LPXzlSIem3,,,,,40.79730224609375,-73.64730072021484375,anonymous,EN,,28,4,4,1,2,1,,2,1,1,1,6,,,,,,,1,2,3,,,,,,,1,1,1,4,3,4,5,4,5,4,4,3,3,1,6,,1,,,,,,1,,,,1,,3,2,2,,,1,,1,,1,,15,139.636,139.636,143.037,1,"<img src=""https://umassamherst.co1.qualtrics.com/ControlPanel/Graphic.php?IM=IM_cNl6CwoAVxSEA9o"" alt=""White Car Image"">","$20,000",the Sunrise Movement,a youth-led organization that protests against fossil fuels and political inaction on climate change,those with previous marijuana indictments,"Social equity programs may provide support for black entrepreneurs, who are struggling to join the rapidly growing marijuana industry which is currently dominated by a handful of companies.",Mohammed and his family have complied with all US vaccination requirements.,Democratic Party,Control
2021-11-18 00:18:05,2021-11-18 00:27:08,0,70.124.33.42,100,543,1,2021-11-18 00:27:09,R_2e9jXAMWSAZcSHG,,,,,26.2516021728515625,-98.2270965576171875,anonymous,EN,,27,3,1,2,1,,1,2,2,1,2,6,,,,,,,4,3,3,,,,2,1,2,,,,3,3,2,4,5,5,3,2,2,2,3,5,,5,,,,1,,,,,,2,,3,2,2,,,2,,4,The pay should be higher for the amount of time it takes to complete the survey.,2,,,,,,,"<img src=""https://umassamherst.co1.qualtrics.com/ControlPanel/Graphic.php?IM=IM_cNl6CwoAVxSEA9o"" alt=""White Car Image"">","$60,000",the Children's Cancer Research Fund,an organization that raises money to fund research for childhood cancer,those from disproportionately affected communities,Aggressive enforcement of the War on Drugs resulted in many people arrested for using - not dealing - marijuana. 88% of the 8.2 million marijuana arrests between 2001 and 2010 were made on the grounds of possession. These arrests exhibit a significant racial bias: blacks were 3.73 times more likely than whites to be arrested for marijuana despite roughly equal usage.,Mohammad and his family have refused to comply with US vaccination requirements based on religious grounds.,national,Control
2021-11-18 00:10:32,2021-11-18 00:32:03,0,23.120.120.136,100,1291,1,2021-11-18 00:32:04,R_2vlbbY9U7AeZlPM,,,,,41.8907012939453125,-87.790802001953125,anonymous,EN,,27,3,3,2,1,,1,1,1,2,2,6,1,5,3,2,4,1,2,1,1,2,2,2,,,,,,,2,5,4,2,4,5,4,3,3,3,1,5,,1,,,,,,1,,,,1,,3,5,2,,,1,,1,,1,,,3.181,53.259,54.151,16,"<img src=""https://umassamherst.co1.qualtrics.com/ControlPanel/Graphic.php?IM=IM_8jqMGkx3MLDuSl8"" alt=""White Car Image"">","$20,000",the United Negro College Fund,an organization that raises money to fund minority students and HBCUs,felons with previous marijuana indictments,"Social equity programs may provide support for black entrepreneurs, who are struggling to join the rapidly growing marijuana industry which is currently dominated by a handful of companies.",Mohammad and his family have refused to comply with US vaccination requirements based on religious grounds.,Democratic Party,Experience
2021-11-18 00:32:34,2021-11-18 00:37:10,0,70.115.3.76,100,275,1,2021-11-18 00:37:10,R_33pBUbyhO9qbAw9,,,,,30.278106689453125,-94.21669769287109375,anonymous,EN,,29,5,4,1,1,1,,1,1,1,1,5,3,1,4,5,2,1,3,2,4,,,,,,,1,1,1,4,3,4,4,4,4,4,5,3,5,1,6,,1,,,,,,1,,,,1,,3,3,2,,,1,,1,NICE STUDY,,1,15,4.003,4.003,18.553,1,"<img src=""https://umassamherst.co1.qualtrics.com/ControlPanel/Graphic.php?IM=IM_8jqMGkx3MLDuSl8"" alt=""White Car Image"">","$60,000",the Children's Cancer Research Fund,an organization that raises money to fund research for childhood cancer,those with previous marijuana indictments,"The Entry Track helps individuals with little or no experience, particularly those who wish to re-enter the workforce following incarceration, enter the cannabis industry.",Mohammed and his family have complied with all US vaccination requirements.,Democratic Party,Experience
2021-11-18 00:32:49,2021-11-18 00:47:32,0,142.105.12.54,100,883,1,2021-11-18 00:47:33,R_3j6EvXoilALQVs7,,,,,40.691497802734375,-73.853302001953125,anonymous,EN,,29,5,1,2,1,3,,2,1,2,1,5,,,,,,,1,1,5,2,2,1,,,,,,,1,3,3,3,2,4,3,5,4,5,1,2,,5,,,1,,,,,,,1,,1,1,2,,,1,,1,,1,,0,429.767,429.767,431.342,1,"<img src=""https://umassamherst.co1.qualtrics.com/ControlPanel/Graphic.php?IM=IM_cNl6CwoAVxSEA9o"" alt=""White Car Image"">","$60,000",the Sunrise Movement,a youth-led organization that protests against fossil fuels and political inaction on climate change,those with previous marijuana indictments,"The Entry Track helps individuals with little or no experience, particularly those who wish to re-enter the workforce following incarceration, enter the cannabis industry.",Mohammed and his family have complied with all US vaccination requirements.,Republican Party,Control
2021-11-18 02:41:15,2021-11-18 02:58:37,0,50.114.84.181,100,1041,1,2021-11-18 02:58:37,R_XvlubWLjeNWQdTb,,,,,37.751007080078125,-97.82199859619140625,anonymous,EN,,28,5,3,1,2,3,,3,1,2,1,6,3,2,4,5,1,1,1,5,2,,,,,,,2,1,1,4,3,4,3,4,4,3,3,4,4,1,6,,1,,,,,,1,,,,2,,2,4,2,,,2,,1,no,2,,,,,,,"<img src=""https://umassamherst.co1.qualtrics.com/ControlPanel/Graphic.php?IM=IM_8jqMGkx3MLDuSl8"" alt=""White Car Image"">","$20,000",the United Negro College Fund,an organization that raises money to fund minority students and HBCUs,those from disproportionately affected communities,Aggressive enforcement of the War on Drugs resulted in many people arrested for using - not dealing - marijuana. 88% of the 8.2 million marijuana arrests between 2001 and 2010 were made on the grounds of possession. These arrests exhibit a significant racial bias: blacks were 3.73 times more likely than whites to be arrested for marijuana despite roughly equal usage.,Mohammad and his family have refused to comply with US vaccination requirements based on religious grounds.,national,Experience
2021-11-18 10:16:52,2021-11-18 10:20:22,0,128.119.202.5,100,210,1,2021-11-18 10:20:23,R_27dobKWNalNkJKA,,,,,42.389404296875,-72.52649688720703125,anonymous,EN,,,,,,,,,,,,,,,,,,,,,,,,,,,,,,,,,,,,,,,,,,,,,,,,,,,,,,,,,,,,,,,,,,2,,,,,,,"<img src=""https://umassamherst.co1.qualtrics.com/ControlPanel/Graphic.php?IM=IM_cNl6CwoAVxSEA9o"" alt=""White Car Image"">","$20,000",the United Negro College Fund,an organization that raises money to fund minority students and HBCUs,those from disproportionately affected communities,"Social equity programs may provide support for black entrepreneurs, who are struggling to join the rapidly growing marijuana industry which is currently dominated by a handful of companies.",Mohammad and his family have refused to comply with US vaccination requirements based on religious grounds.,Democratic Party,Control
2021-11-17 21:47:14,2021-11-18 11:33:34,0,128.119.202.23,100,49580,1,2021-11-18 11:33:35,R_w4pqy7ZVorgIYMx,,,,,42.389404296875,-72.52649688720703125,anonymous,EN,,27,4,5,2,1,,1,1,1,2,1,6,3,5,2,1,4,1,,,5,,,,2,2,2,,,,3,4,3,3,4,5,4,3,5,4,1,5,,5,,,,,1,,,,,1,,1,1,2,,,1,,1,,2,,,,,,,"<img src=""https://umassamherst.co1.qualtrics.com/ControlPanel/Graphic.php?IM=IM_cNl6CwoAVxSEA9o"" alt=""White Car Image"">","$60,000",the Sunrise Movement,a youth-led organization that protests against fossil fuels and political inaction on climate change,felons with previous marijuana indictments,"The Entry Track helps individuals with little or no experience, particularly those who wish to re-enter the workforce following incarceration, enter the cannabis industry.",Mohammad and his family have refused to comply with US vaccination requirements based on religious grounds.,Democratic Party,Experience
2021-11-18 09:22:48,2021-11-18 11:43:06,0,128.119.202.87,100,8417,1,2021-11-18 11:43:06,R_2YQbyf3iOZHSHJ7,,,,,42.389404296875,-72.52649688720703125,anonymous,EN,,29,5,2,2,2,2,,1,1,2,1,5,,,,,,,1,1,1,,,,2,1,2,,,,3,4,4,3,5,4,5,5,5,4,1,3,,5,,,,,,1,,,,2,,1,4,2,,,1,,1,,,2,,,,,,"<img src=""https://umassamherst.co1.qualtrics.com/ControlPanel/Graphic.php?IM=IM_8jqMGkx3MLDuSl8"" alt=""White Car Image"">","$20,000",the Children's Cancer Research Fund,an organization that raises money to fund research for childhood cancer,those with previous marijuana indictments,"The Entry Track helps individuals with little or no experience, particularly those who wish to re-enter the workforce following incarceration, enter the cannabis industry.",Mohammed and his family have complied with all US vaccination requirements.,Republican Party,Control
2021-11-18 11:33:58,2021-11-18 11:46:14,0,128.119.202.36,100,736,1,2021-11-18 11:46:15,R_1IbboPmUcZjyP1F,,,,,42.389404296875,-72.52649688720703125,anonymous,EN,,28,1,1,2,4,4,,2,1,2,1,5,3,5,4,2,1,2,3,2,4,,,,,,,2,2,2,2,2,1,4,5,5,5,4,5,4,1,3,,5,,,,,,1,,,,2,,1,3,3,,,,3,1,,2,,,,,,,"<img src=""https://umassamherst.co1.qualtrics.com/ControlPanel/Graphic.php?IM=IM_8jqMGkx3MLDuSl8"" alt=""White Car Image"">","$60,000",Black Lives Matter,an organization that protests incidents of police brutality against African-Americans,felons with previous marijuana indictments,"The Entry Track helps individuals with little or no experience, particularly those who wish to re-enter the workforce following incarceration, enter the cannabis industry.",Mohammed and his family have complied with all US vaccination requirements.,national,Experience
